INSERT INTO FACWLR.DBO.TB_PAIS(ID_PAIS, NM_PAIS, NR_POPULACAO)
VALUES ('AF', 'Afeganistão', '38928341'),
        ('ZA', 'África do Sul', '59308690'),
        ('AL', 'Albânia', '2877800'),
        ('DE', 'Alemanha', '83783945'),
        ('AO', 'Angola', '32866268'),
        ('AG', 'Antígua e Barbuda', '97928'),
        ('SA', 'Arábia Saudita', '34813867'),
        ('DZ', 'Argélia', '43851043'),
        ('AR', 'Argentina', '45195777'),
        ('AM', 'Armênia', '2963234'),
        ('AW', 'Aruba', '106766'),
        ('AU', 'Austrália', '25499881'),
        ('AT', 'Áustria', '9006400'),
        ('AZ', 'Azerbaijão', '10139175'),
        ('BS', 'Bahamas', '393248'),
        ('BH', 'Bahrein', '1701583'),
        ('BD', 'Bangladesh', '164689383'),
        ('BB', 'Barbados', '287371'),
        ('BE', 'Bélgica', '11589616'),
        ('BZ', 'Belize', '397621'),
        ('BJ', 'Benim', '12123198'),
        ('BY', 'Bielorrússia', '9449321'),
        ('BO', 'Bolívia', '11673029'),
        ('BA', 'Bósnia e Herzegovina', '3280815'),
        ('BW', 'Botswana', '2351625'),
        ('BR', 'Brasil', '212559409'),
        ('BN', 'Brunei', '437483'),
        ('BG', 'Bulgária', '6948445'),
        ('BF', 'Burkina Faso', '20903278'),
        ('BI', 'Burundi', '11890781'),
        ('BT', 'Butão', '771612'),
        ('CV', 'Cabo Verde', '555988'),
        ('CM', 'Camarões', '26545864'),
        ('KH', 'Camboja', '16718971'),
        ('CA', 'Canadá', '37742157'),
        ('QA', 'Catar', '2881060'),
        ('KZ', 'Cazaquistão', '18776707'),
        ('TD', 'Chade', '16425859'),
        ('CL', 'Chile', '19116209'),
        ('CN', 'China', '1439323774'),
        ('CY', 'Chipre', '1207361'),
        ('CO', 'Colômbia', '50882884'),
        ('KM', 'Comores', '869595'),
        ('CD', 'Congo', '5518092'),
        ('KP', 'Coreia do Norte', '25778815'),
        ('KR', 'Coreia do Sul', '51269183'),
        ('CI', 'Costa do Marfim', '26378275'),
        ('CR', 'Costa Rica', '5094114'),
        ('HR', 'Croácia', '4105268'),
        ('CU', 'Cuba', '11326616'),
        ('CW', 'Curaçao', '1641'),
        ('DK', 'Dinamarca', '5792203'),
        ('DJ', 'Djibouti', '988002'),
        ('EG', 'Egito', '102334403'),
        ('SV', 'El Salvador', '6486201'),
        ('AE', 'Emirados Árabes Unidos', '9890400'),
        ('EC', 'Equador', '17643060'),
        ('ER', 'Eritreia', '3546427'),
        ('SK', 'Eslováquia', '5459643'),
        ('SI', 'Eslovênia', '2078932'),
        ('ES', 'Espanha', '46754783'),
        ('OS', 'Estado da Palestina', '5101416'),
        ('US', 'Estados Unidos', '331002647'),
        ('EE', 'Estônia', '1326539'),
        ('ET', 'Etiópia', '114963583'),
        ('FJ', 'Fiji', '896444'),
        ('PH', 'Filipinas', '109581085'),
        ('FI', 'Finlândia', '5540718'),
        ('FR', 'França', '65273512'),
        ('GA', 'Gabão', '2225728'),
        ('GM', 'Gâmbia', '2416664'),
        ('GH', 'Gana', '31072945'),
        ('GE', 'Geórgia (desambiguação)', '3989175'),
        ('GD', 'Granada (país)', '112519'),
        ('GR', 'Grécia', '10423056'),
        ('GP', 'Guadalupe', '400127'),
        ('GU', 'Guam', '168783'),
        ('GT', 'Guatemala', '17915567'),
        ('GY', 'Guiana', '786559'),
        ('GF', 'Guiana Francesa', '298682'),
        ('GN', 'Guiné', '13132792'),
        ('GQ', 'Guiné Equatorial', '1402985'),
        ('GW', 'Guiné-Bissau', '1967998'),
        ('HT', 'Haiti', '11402533'),
        ('HN', 'Honduras', '9904608'),
        ('HK', 'Hong Kong', '7496988'),
        ('HU', 'Hungria', '9660350'),
        ('YE', 'Iêmen', '29825968'),
        ('SB', 'Ilhas Salomão', '686878'),
        ('VI', 'Ilhas Virgens Americanas', '104423'),
        ('IN', 'Índia', '1380004385'),
        ('ID', 'Indonésia', '273523621'),
        ('IR', 'Irã', '83992953'),
        ('IQ', 'Iraque', '40222503'),
        ('IE', 'Irlanda', '4937796'),
        ('IS', 'Islândia', '34125'),
        ('IL', 'Israel', '8655541'),
        ('IT', 'Itália', '60461828'),
        ('JM', 'Jamaica', '2961161'),
        ('JP', 'Japão', '126476458'),
        ('JO', 'Jordânia', '10203140'),
        ('KW', 'Kuwait', '4270563'),
        ('LA', 'Laos', '7275556'),
        ('LS', 'Lesoto', '2142252'),
        ('LV', 'Letônia', '1886202'),
        ('LB', 'Líbano', '6825442'),
        ('LR', 'Libéria', '5057677'),
        ('LY', 'Líbia', '6871287'),
        ('LT', 'Lituânia', '2722291'),
        ('LU', 'Luxemburgo', '625976'),
        ('MO', 'Macau', '649342'),
        ('MG', 'Madagáscar', '27691019'),
        ('MY', 'Malásia', '32365998'),
        ('MW', 'Malawi', '19129955'),
        ('MV', 'Maldivas', '540542'),
        ('ML', 'Mali', '20250834'),
        ('MT', 'Malta', '441539'),
        ('MA', 'Marrocos', '36910558'),
        ('MQ', 'Martinica', '375265'),
        ('UM', 'Maurício', '1271767'),
        ('MR', 'Mauritânia', '4649660'),
        ('YT', 'Mayotte', '272813'),
        ('MX', 'México', '128932753'),
        ('FM', 'Micronésia', '115021'),
        ('MZ', 'Moçambique', '31255435'),
        ('MD', 'Moldova', '4033963'),
        ('MN', 'Mongólia', '3278292'),
        ('ME', 'Montenegro', '628062'),
        ('MM', 'Mianmar (Birmânia)', '54409794'),
        ('NA', 'Namíbia', '2540916'),
        ('NP', 'Nepal', '29136808'),
        ('NI', 'Nicarágua', '6624554'),
        ('NE', 'Níger', '24206636'),
        ('NG', 'Nigéria', '206139587'),
        ('NO', 'Noruega', '5421242'),
        ('NC', 'Nova Caledônia', '285491'),
        ('NZ', 'Nova Zelândia', '4822233'),
        ('OM', 'Omã', '5106622'),
        ('NL', 'Países Baixos', '17134873'),
        ('PA', 'Panamá', '4314768'),
        ('PG', 'Papua-Nova Guiné', '8947027'),
        ('PK', 'Paquistão', '220892331'),
        ('PY', 'Paraguai', '7132530'),
        ('PE', 'Peru', '32971846'),
        ('PF', 'Polinésia Francesa', '280904'),
        ('PL', 'Polônia', '37846605'),
        ('PR', 'Porto Rico', '2860840'),
        ('PT', 'Portugal', '10196707'),
        ('KE', 'Quênia', '53771300'),
        ('KG', 'Quirguistão', '6524191'),
        ('CG', 'RD Congo', '89561404'),
        ('GB', 'Reino Unido', '67886004'),
        ('CF', 'República Centro-Africana', '4829764'),
        ('MK', 'Macedônia do Norte', '2083380'),
        ('DO', 'República Dominicana', '10847904'),
        ('RE', 'Reunião', '895308'),
        ('RO', 'Romênia', '19237682'),
        ('RW', 'Ruanda', '12952209'),
        ('RU', 'Rússia', '145934460'),
        ('EH', 'Saara Ocidental', '59733'),
        ('WS', 'Samoa', '19841'),
        ('LC', 'Santa Lúcia', '183629'),
        ('ST', 'São Tomé e Príncipe', '219161'),
        ('VC', 'São Vicente e Granadinas', '110947'),
        ('SN', 'Senegal', '16743930'),
        ('SL', 'Serra Leoa', '7976985'),
        ('RS', 'Sérvia', '8737370'),
        ('SC', 'Seicheles', '9834'),
        ('SG', 'Singapura', '5850343'),
        ('SY', 'Síria', '17500657'),
        ('SO', 'Somália', '15893219'),
        ('LK', 'Sri Lanka', '21413250'),
        ('SZ', 'Suazilândia', '1160164'),
        ('SD', 'Sudão', '43849269'),
        ('SS', 'Sudão do Sul', '11193729'),
        ('SE', 'Suécia', '10099270'),
        ('CH', 'Suíça', '8654618'),
        ('SR', 'Suriname', '586634'),
        ('TH', 'Tailândia', '69799978'),
        ('TJ', 'Tadjiquistão', '9537642'),
        ('TZ', 'Tanzânia', '59734213'),
        ('TL', 'Timor-Leste', '1318442'),
        ('TG', 'Togo', '8278737'),
        ('TO', 'Tonga', '105697'),
        ('TT', 'Trinidad e Tobago', '1399491'),
        ('TN', 'Tunísia', '11818618'),
        ('TM', 'Turcomenistão', '6031187'),
        ('TR', 'Turquia', '84339067'),
        ('UA', 'Ucrânia', '43733759'),
        ('UG', 'Uganda', '45741000'),
        ('UY', 'Uruguai', '3473727'),
        ('UZ', 'Uzbequistão', '33469199'),
        ('VU', 'Vanuatu', '30715'),
        ('VE', 'Venezuela', '28435943'),
        ('VN', 'Vietnã', '97338583'),
        ('ZM', 'Zâmbia', '18383956'),
        ('ZW', 'Zimbábue', '14862927');


INSERT INTO FACWLR.dbo.TB_CIRCUITO(ID_CIRCUITO, NM_CIRCUITO, NR_EXTENSAO, ID_PAIS)
VALUES ('1', 'Albert Park', '21', 'AU'),
        ('29', 'Adelaide Street Circuit', '11', 'AU'),
        ('73', 'Baku City Circuit', '2', 'AZ'),
        ('3', 'Bahrain International Circuit', '12', 'BH'),
        ('7', 'Circuit Gilles Villeneuve', '37', 'CA'),
        ('52', 'Circuit Mont-Tremblant', '2', 'CA'),
        ('17', 'Shanghai International Circuit', '13', 'CN'),
        ('8', 'Magny-Cours Circuit', '18', 'FR'),
        ('34', 'Circuit Paul Ricard', '14', 'FR'),
        ('41', 'Dijon-Prenois', '6', 'FR'),
        ('53', 'Rouen-Les-Essarts', '5', 'FR'),
        ('55', 'Reims-Gueux', '11', 'FR'),
        ('10', 'Hockenheimring', '36', 'DE'),
        ('61', 'AVUS', '1', 'DE'),
        ('11', 'Hungaroring', '31', 'HU'),
        ('68', 'Circuito Internacional de Buddh', '3', 'IN'),
        ('21', 'Autodromo Enzo e Dino Ferrari', '27', 'IT'),
        ('65', 'Pescara Circuit', '1', 'IT'),
        ('16', 'Fuji Speedway', '4', 'JP'),
        ('22', 'Suzuka Circuit', '28', 'JP'),
        ('35', 'Korean International Circuit', '4', 'KR'),
        ('2', 'Sepang International Circuit', '19', 'MY'),
        ('6', 'MONTE CARLO', '63', 'IT'),
        ('39', 'Circuit Park Zandvoort', '31', 'NL'),
        ('59', 'Circuito da Boavista', '2', 'PT'),
        ('71', 'Autódomo de Sochi', '3', 'RU'),
        ('56', 'Prince George Circuit', '3', 'ZA'),
        ('4', 'Circuit de Catalunya', '26', 'ES'),
        ('47', 'Scandinavian Raceway', '6', 'SE'),
        ('66', 'Circuit Bremgarten', '5', 'CH'),
        ('5', 'Istanbul Park', '7', 'TR'),
        ('9', 'Silverstone Circuit', '50', 'GB'),
        ('31', 'Donington Park', '1', 'GB'),
        ('38', 'Brands Hatch', '14', 'GB'),
        ('58', 'Aintree', '5', 'GB'),
        ('19', 'Indianapolis Motor Speedway', '19', 'US'),
        ('33', 'Phoenix street circuit', '3', 'US'),
        ('42', 'Fair Park', '1', 'US'),
        ('43', 'Long Beach', '8', 'US'),
        ('46', 'Watkins Glen', '20', 'US'),
        ('60', 'Riverside International Raceway', '1', 'US'),
        ('69', 'Circuito das Américas', '5', 'US');


INSERT INTO FACWLR.dbo.TB_EQUIPE(ID_EQUIPE, NM_EQUIPE, ID_PAIS)
VALUES ('67', 'Penske', 'US'),
        ('73', 'Parnelli', 'US'),
        ('88', 'Eagle', 'US'),
        ('106', 'Scarab', 'US'),
        ('107', 'Watson', 'US'),
        ('108', 'Epperly', 'US'),
        ('109', 'Phillips', 'US'),
        ('110', 'Lesovsky', 'US'),
        ('111', 'Trevis', 'US'),
        ('112', 'Meskowski', 'US'),
        ('113', 'Kurtis Kraft', 'US'),
        ('114', 'Kuzma', 'US'),
        ('115', 'Christensen', 'US'),
        ('116', 'Ewing', 'US'),
        ('119', 'Moore', 'US'),
        ('120', 'Dunn', 'US'),
        ('121', 'Elder', 'US'),
        ('122', 'Sutton', 'US'),
        ('129', 'Stevens', 'US'),
        ('134', 'Schroeder', 'US'),
        ('135', 'Pawl', 'US'),
        ('136', 'Pankratz', 'US'),
        ('138', 'Nichels', 'US'),
        ('139', 'Bromme', 'US'),
        ('142', 'Turner', 'US'),
        ('143', 'Del Roy', 'US'),
        ('149', 'Sherman', 'US'),
        ('150', 'Deidt', 'US'),
        ('155', 'Hall', 'US'),
        ('156', 'Marchese', 'US'),
        ('157', 'Langley', 'US'),
        ('158', 'Rae', 'US'),
        ('159', 'Olson', 'US'),
        ('160', 'Wetteroth', 'US'),
        ('161', 'Adams', 'US'),
        ('162', 'Snowberger', 'US'),
        ('189', 'Eagle-Climax', 'US'),
        ('190', 'Eagle-Weslake', 'US'),
        ('210', 'Haas F1 Team', 'US'),
        ('69', 'McGuire', 'AU'),
        ('56', 'Fittipaldi', 'BR'),
        ('1', 'McLaren', 'GB'),
        ('3', 'Williams', 'GB'),
        ('16', 'BAR', 'GB'),
        ('19', 'Jaguar', 'GB'),
        ('21', 'Arrows', 'GB'),
        ('23', 'Brawn', 'GB'),
        ('24', 'Stewart', 'GB'),
        ('25', 'Tyrrell', 'GB'),
        ('26', 'Lola', 'GB'),
        ('29', 'Footwork', 'GB'),
        ('30', 'Pacific', 'GB'),
        ('31', 'Simtek', 'GB'),
        ('32', 'Team Lotus', 'GB'),
        ('34', 'Brabham', 'GB'),
        ('37', 'March', 'GB'),
        ('41', 'Leyton House', 'GB'),
        ('46', 'Onyx', 'GB'),
        ('50', 'RAM', 'GB'),
        ('52', 'Spirit', 'GB'),
        ('53', 'Toleman', 'GB'),
        ('57', 'Ensign', 'GB'),
        ('58', 'Shadow', 'GB'),
        ('63', 'Surtees', 'GB'),
        ('64', 'Hesketh', 'GB'),
        ('66', 'BRM', 'GB'),
        ('68', 'LEC', 'GB'),
        ('75', 'Embassy Hill', 'GB'),
        ('76', 'Lyncar', 'GB'),
        ('77', 'Trojan', 'GB'),
        ('79', 'Token', 'GB'),
        ('80', 'Iso Marlboro', 'GB'),
        ('83', 'Politoys', 'GB'),
        ('84', 'Connew', 'GB'),
        ('87', 'Cooper', 'GB'),
        ('90', 'Protos', 'GB'),
        ('91', 'Shannon', 'GB'),
        ('92', 'Scirocco', 'GB'),
        ('94', 'BRP', 'GB'),
        ('96', 'Derrington', 'GB'),
        ('97', 'Gilby', 'GB'),
        ('99', 'Emeryson', 'GB'),
        ('101', 'JBW', 'GB'),
        ('102', 'Ferguson', 'GB'),
        ('117', 'Aston Martin', 'GB'),
        ('118', 'Vanwall', 'GB'),
        ('123', 'Fry', 'GB'),
        ('125', 'Connaught', 'GB'),
        ('126', 'Alta', 'GB'),
        ('133', 'HWM', 'GB'),
        ('148', 'Frazer Nash', 'GB'),
        ('151', 'ERA', 'GB'),
        ('152', 'Aston Butterworth', 'GB'),
        ('167', 'Cooper-Maserati', 'GB'),
        ('166', 'Virgin', 'GB'),
        ('168', 'Cooper-OSCA', 'GB'),
        ('169', 'Cooper-Borgward', 'GB'),
        ('170', 'Cooper-Climax', 'GB'),
        ('171', 'Cooper-Castellotti', 'GB'),
        ('172', 'Lotus-Climax', 'GB'),
        ('173', 'Lotus-Maserati', 'GB'),
        ('176', 'Lotus-BRM', 'GB'),
        ('177', 'Lotus-Borgward', 'GB'),
        ('178', 'Cooper-Alfa Romeo', 'GB'),
        ('180', 'Lotus-Ford', 'GB'),
        ('181', 'Brabham-BRM', 'GB'),
        ('182', 'Brabham-Ford', 'GB'),
        ('183', 'Brabham-Climax', 'GB'),
        ('186', 'Cooper-Ford', 'GB'),
        ('187', 'McLaren-Ford', 'GB'),
        ('188', 'McLaren-Serenissima', 'GB'),
        ('191', 'Brabham-Repco', 'GB'),
        ('192', 'Cooper-Ferrari', 'GB'),
        ('193', 'Cooper-ATS', 'GB'),
        ('194', 'McLaren-BRM', 'GB'),
        ('195', 'Cooper-BRM', 'GB'),
        ('197', 'BRM-Ford', 'GB'),
        ('198', 'McLaren-Alfa Romeo', 'GB'),
        ('199', 'March-Alfa Romeo', 'GB'),
        ('200', 'March-Ford', 'GB'),
        ('202', 'Shadow-Ford', 'GB'),
        ('203', 'Shadow-Matra', 'GB'),
        ('204', 'Brabham-Alfa Romeo', 'GB'),
        ('208', 'Lotus F1', 'GB'),
        ('209', 'Manor Marussia', 'GB'),
        ('59', 'Wolf', 'CA'),
        ('98', 'Stebro', 'CA'),
        ('4', 'Renault', 'FR'),
        ('20', 'Prost', 'FR'),
        ('27', 'Ligier', 'FR'),
        ('33', 'Larrousse', 'FR'),
        ('39', 'AGS', 'FR'),
        ('65', 'Martini', 'FR'),
        ('82', 'Matra', 'FR'),
        ('128', 'Gordini', 'FR'),
        ('130', 'Bugatti', 'FR'),
        ('141', 'Simca', 'FR'),
        ('154', 'Talbot-Lago', 'FR'),
        ('196', 'Matra-Ford', 'FR'),
        ('2', 'BMW Sauber', 'DE'),
        ('48', 'Rial', 'DE'),
        ('49', 'Zakspeed', 'DE'),
        ('61', 'Kauhsen', 'DE'),
        ('95', 'Porsche', 'DE'),
        ('131', 'Mercedes', 'DE'),
        ('140', 'Klenk', 'DE'),
        ('144', 'Veritas', 'DE'),
        ('145', 'BMW', 'DE'),
        ('147', 'AFM', 'DE'),
        ('55', 'Theodore', 'CN'),
        ('10', 'Force India', 'IN'),
        ('5', 'Toro Rosso', 'IT'),
        ('6', 'Ferrari', 'IT'),
        ('18', 'Minardi', 'IT'),
        ('22', 'Benetton', 'IT'),
        ('28', 'Forti', 'IT'),
        ('35', 'Dallara', 'IT'),
        ('36', 'Fondmetal', 'IT'),
        ('38', 'Andrea Moda', 'IT'),
        ('40', 'Lambo', 'IT'),
        ('42', 'Coloni', 'IT'),
        ('44', 'Euro Brun', 'IT'),
        ('45', 'Osella', 'IT'),
        ('47', 'Life', 'IT'),
        ('51', 'Alfa Romeo', 'IT'),
        ('54', 'ATS', 'IT'),
        ('60', 'Merzario', 'IT'),
        ('81', 'Tecno', 'IT'),
        ('86', 'De Tomaso', 'IT'),
        ('104', 'Behra-Porsche', 'IT'),
        ('105', 'Maserati', 'IT'),
        ('124', 'Tec-Mec', 'IT'),
        ('127', 'OSCA', 'IT'),
        ('132', 'Lancia', 'IT'),
        ('137', 'Arzani-Volpini', 'IT'),
        ('153', 'Cisitalia', 'IT'),
        ('163', 'Milano', 'IT'),
        ('174', 'De Tomaso-Osca', 'IT'),
        ('175', 'De Tomaso-Alfa Romeo', 'IT'),
        ('179', 'De Tomaso-Ferrari', 'IT'),
        ('7', 'Toyota', 'JP'),
        ('8', 'Super Aguri', 'JP'),
        ('11', 'Honda', 'JP'),
        ('72', 'Kojima', 'JP'),
        ('74', 'Maki', 'JP'),
        ('13', 'MF1', 'RU'),
        ('206', 'Marussia', 'RU'),
        ('89', 'LDS', 'ZA'),
        ('184', 'LDS-Climax', 'ZA'),
        ('185', 'LDS-Alfa Romeo', 'ZA'),
        ('164', 'HRT', 'ES'),
        ('15', 'Sauber', 'CH'),
        ('71', 'Apollon', 'CH'),
        ('85', 'Bellasi', 'CH'),
        ('103', 'MBM', 'CH');


INSERT INTO FACWLR.dbo.TB_PILOTO
VALUES ('817', 'Daniel Ricciardo', '01/07/1989','AU', '4'),
        ('1', 'Lewis Hamilton', '07/01/1985','GB', '131'),
        ('154', 'Romain Grosjean', '17/04/1986','FR', '210'),
        ('842', 'Pierre Gasly', '07/02/1996','FR', '5'),
        ('839', 'Esteban Ocon', '17/09/1996','FR', '4'),
        ('20', 'Sebastian Vettel', '03/07/1987','DE', '6'),
        ('841', 'Antonio Giovinazzi', '14/12/1993','IT', '51'),
        ('826', 'Daniil Kvyat', '26/04/1994','RU', '5'),
        ('832', 'Carlos Sainz', '01/09/1994','ES', '1');


INSERT INTO FACWLR.dbo.TB_PROVA(ID_PROVA, DT_PROVA, NM_SITUACAO, ID_CIRCUITO)
VALUES ('85', '04/09/2005', '1', '21')


INSERT INTO FACWLR.dbo.TB_RESULTADO(ID_PROVA, ID_PILOTO, NR_TEMPO_PROVA, NR_COLOC_FINAL, NR_POSICAO_GRID, NR_MELHOR_VOLTA)
VALUES ('85', '1', '34:50.6', '1', '1', '39')
